0,0.0,0.0,-0.0234375,0.015277777777777777,-0.04453125,0.03194444444444444,-0.06015625,0.05,-0.06875,0.06111111111111111,-0.0671875,0.07083333333333333,-0.05546875,0.06944444444444445,-0.0421875,0.07222222222222222,-0.02265625,0.075,0.0,0.075,0.02109375,0.07361111111111111,0.0421875,0.0763888888888889,0.05859375,0.075,0.0703125,0.07916666666666666,0.07734375,0.07916666666666666,0.08359375,0.07916666666666666
0,0.0,0.0,-0.01640625,0.018055555555555554,-0.028125,0.03611111111111111,-0.03125,0.04861111111111111,-0.02734375,0.058333333333333334,-0.015625,0.06666666666666667,0.00234375,0.06944444444444445,0.0203125,0.06944444444444445,0.04296875,0.07361111111111111,0.06484375,0.075,0.0875,0.07916666666666666,0.10390625,0.08472222222222223,0.11640625,0.0875,0.12421875,0.08611111111111111,0.1296875,0.0875,0.13125,0.08611111111111111
0,0.0,0.0,-0.01171875,-0.019444444444444445,-0.02421875,-0.034722222222222224,-0.0328125,-0.04583333333333333,-0.0421875,-0.05416666666666667,-0.04609375,-0.05694444444444444,-0.04921875,-0.05555555555555555,-0.04765625,-0.05416666666666667,-0.04921875,-0.04861111111111111,-0.046875,-0.044444444444444446,-0.04453125,-0.03888888888888889,-0.0421875,-0.0375,-0.03984375,-0.03333333333333333,-0.0390625,-0.03194444444444444,-0.03828125,-0.027777777777777776,-0.0375,-0.029166666666666667
0,0.0,0.0,0.00078125,0.005555555555555556,0.00390625,0.002777777777777778,0.01171875,0.001388888888888889,0.02421875,0.001388888888888889,0.04140625,-0.002777777777777778,0.0625,0.004166666666666667,0.08671875,0.005555555555555556,0.1078125,0.016666666666666666,0.1265625,0.022222222222222223,0.13984375,0.041666666666666664,0.14453125,0.05416666666666667,0.14453125,0.06805555555555555,0.1359375,0.08055555555555556,0.11953125,0.09861111111111111,0.0984375,0.11944444444444445
0,0.0,0.0,0.0125,0.0,0.0296875,-0.004166666666666667,0.05078125,0.002777777777777778,0.075,0.004166666666666667,0.09609375,0.015277777777777777,0.11484375,0.020833333333333332,0.128125,0.04027777777777778,0.1328125,0.05277777777777778,0.1328125,0.06666666666666667,0.12421875,0.07916666666666666,0.1078125,0.09722222222222222,0.08671875,0.11805555555555555,0.0640625,0.1375,0.04140625,0.15833333333333333,0.02109375,0.17916666666666667
0,0.0,0.0,0.02109375,0.006944444444444444,0.0453125,0.008333333333333333,0.06640625,0.019444444444444445,0.08515625,0.025,0.0984375,0.044444444444444446,0.103125,0.05694444444444444,0.103125,0.07083333333333333,0.09453125,0.08333333333333333,0.078125,0.10138888888888889,0.05703125,0.12222222222222222,0.034375,0.14166666666666666,0.01171875,0.1625,-0.00859375,0.18333333333333332,-0.0265625,0.20277777777777778,-0.03828125,0.21944444444444444
0,0.0,0.0,0.01875,0.005555555555555556,0.03203125,0.025,0.03671875,0.0375,0.03671875,0.05138888888888889,0.028125,0.06388888888888888,0.01171875,0.08194444444444444,-0.009375,0.10277777777777777,-0.03203125,0.12222222222222222,-0.0546875,0.14305555555555555,-0.075,0.1638888888888889,-0.09296875,0.18333333333333332,-0.1046875,0.2,-0.10703125,0.20972222222222223,-0.09453125,0.21666666666666667,-0.078125,0.21666666666666667
0,0.0,0.0,0.0046875,0.0125,0.0046875,0.02638888888888889,-0.00390625,0.03888888888888889,-0.0203125,0.05694444444444444,-0.04140625,0.07777777777777778,-0.0640625,0.09722222222222222,-0.08671875,0.11805555555555555,-0.10703125,0.1388888888888889,-0.125,0.15833333333333333,-0.13671875,0.175,-0.1390625,0.18472222222222223,-0.1265625,0.19166666666666668,-0.11015625,0.19166666666666668,-0.0890625,0.19166666666666668,-0.06875,0.19305555555555556
0,0.0,0.0,-0.01640625,0.018055555555555554,-0.0375,0.03888888888888889,-0.06015625,0.058333333333333334,-0.0828125,0.07916666666666666,-0.103125,0.1,-0.12109375,0.11944444444444445,-0.1328125,0.1361111111111111,-0.13515625,0.14583333333333334,-0.12265625,0.1527777777777778,-0.10625,0.1527777777777778,-0.08515625,0.1527777777777778,-0.06484375,0.15416666666666667,-0.0421875,0.15416666666666667,-0.01875,0.15416666666666667,0.00078125,0.15833333333333333
0,0.0,0.0,-0.0296875,0.020833333333333332,-0.0609375,0.04583333333333333,-0.096875,0.07777777777777778,-0.13125,0.1125,-0.15703125,0.14166666666666666,-0.17421875,0.16527777777777777,-0.18125,0.18472222222222223,-0.1734375,0.19583333333333333,-0.15625,0.1986111111111111,-0.134375,0.2013888888888889,-0.10625,0.19722222222222222,-0.075,0.2,-0.04296875,0.2013888888888889,-0.0171875,0.20694444444444443,0.00546875,0.20972222222222223
0,0.0,0.0,0.0,0.009722222222222222,-0.00859375,0.022222222222222223,-0.01953125,0.03888888888888889,-0.03984375,0.05694444444444444,-0.06484375,0.07916666666666666,-0.08984375,0.10138888888888889,-0.11796875,0.12777777777777777,-0.1453125,0.1597222222222222,-0.16953125,0.19305555555555556,-0.1828125,0.22083333333333333,-0.1921875,0.2375,-0.18828125,0.25416666666666665,-0.17421875,0.2569444444444444,-0.15078125,0.2611111111111111,-0.12265625,0.25972222222222224
0,0.0,0.0,-0.0046875,0.0125,0.00703125,0.019444444444444445,0.02578125,0.02361111111111111,0.0515625,0.02638888888888889,0.08203125,0.030555555555555555,0.115625,0.029166666666666667,0.14296875,0.04027777777777778,0.165625,0.04861111111111111,0.18203125,0.05,0.1921875,0.05277777777777778,0.196875,0.05416666666666667,0.1984375,0.05416666666666667,0.19765625,0.05416666666666667,0.196875,0.05416666666666667,0.19453125,0.05277777777777778
0,0.0,0.0,-0.0203125,0.020833333333333332,-0.0328125,0.041666666666666664,-0.0328125,0.05555555555555555,-0.015625,0.05555555555555555,0.009375,0.05416666666666667,0.0375,0.05277777777777778,0.065625,0.05416666666666667,0.0984375,0.05694444444444444,0.12578125,0.05555555555555555,0.15,0.0625,0.16796875,0.06944444444444445,0.1796875,0.07222222222222222,0.1859375,0.075,0.18828125,0.075,0.1875,0.075
0,0.0,0.0,-0.015625,0.018055555555555554,-0.02265625,0.027777777777777776,-0.02109375,0.043055555555555555,-0.01015625,0.04027777777777778,0.00625,0.04722222222222222,0.03203125,0.04722222222222222,0.06015625,0.04861111111111111,0.09296875,0.05277777777777778,0.12578125,0.058333333333333334,0.153125,0.06111111111111111,0.1734375,0.06805555555555555,0.18828125,0.06666666666666667,0.196875,0.06805555555555555,0.19921875,0.06944444444444445,0.19921875,0.06805555555555555
0,0.0,0.0,0.0234375,-0.002777777777777778,0.04765625,-0.004166666666666667,0.071875,-0.001388888888888889,0.09609375,0.004166666666666667,0.11796875,0.008333333333333333,0.13515625,0.0125,0.1484375,0.013888888888888888,0.1578125,0.020833333333333332,0.16171875,0.020833333333333332,0.16171875,0.020833333333333332,0.1609375,0.019444444444444445,0.15859375,0.016666666666666666,0.1546875,0.016666666666666666,0.15078125,0.0125,0.146875,0.009722222222222222
0,0.0,0.0,-0.01171875,0.016666666666666666,-0.01171875,0.03194444444444444,-0.0015625,0.04027777777777778,0.015625,0.04027777777777778,0.03671875,0.043055555555555555,0.06015625,0.043055555555555555,0.0828125,0.04722222222222222,0.10546875,0.04583333333333333,0.12265625,0.05416666666666667,0.13359375,0.05555555555555555,0.140625,0.05694444444444444,0.14375,0.059722222222222225,0.1453125,0.0625,0.1453125,0.06111111111111111,0.146875,0.06111111111111111
0,0.0,0.0,-0.028125,0.03194444444444444,-0.05078125,0.06527777777777778,-0.06328125,0.08055555555555556,-0.06875,0.09583333333333334,-0.05703125,0.10138888888888889,-0.03671875,0.09861111111111111,-0.015625,0.09722222222222222,0.01015625,0.09861111111111111,0.03515625,0.1,0.05859375,0.10138888888888889,0.07734375,0.10555555555555556,0.09296875,0.10694444444444444,0.10390625,0.10694444444444444,0.11015625,0.10833333333333334,0.1140625,0.1111111111111111
0,0.0,0.0,0.0046875,0.009722222222222222,0.01953125,0.008333333333333333,0.03359375,0.008333333333333333,0.0515625,0.005555555555555556,0.071875,0.005555555555555556,0.0921875,0.006944444444444444,0.1140625,0.006944444444444444,0.13828125,0.008333333333333333,0.1578125,0.011111111111111112,0.17265625,0.015277777777777777,0.18046875,0.019444444444444445,0.18671875,0.019444444444444445,0.18984375,0.020833333333333332,0.190625,0.02361111111111111,0.19140625,0.02361111111111111
0,0.0,0.0,-0.003125,0.011111111111111112,0.00703125,0.016666666666666666,0.021875,0.019444444444444445,0.03828125,0.022222222222222223,0.059375,0.022222222222222223,0.084375,0.022222222222222223,0.10703125,0.02361111111111111,0.13046875,0.02361111111111111,0.14765625,0.029166666666666667,0.16015625,0.034722222222222224,0.16875,0.034722222222222224,0.171875,0.034722222222222224,0.1734375,0.03333333333333333,0.17265625,0.03333333333333333,0.17109375,0.030555555555555555
0,0.0,0.0,-0.00234375,0.011111111111111112,0.0046875,0.025,0.01796875,0.030555555555555555,0.03828125,0.03333333333333333,0.0625,0.034722222222222224,0.0921875,0.03611111111111111,0.11875,0.03611111111111111,0.14609375,0.034722222222222224,0.165625,0.043055555555555555,0.18046875,0.04722222222222222,0.18984375,0.04722222222222222,0.19609375,0.04583333333333333,0.2,0.04861111111111111,0.20234375,0.04861111111111111,0.20234375,0.04861111111111111
0,0.0,0.0,-0.03046875,0.034722222222222224,-0.05078125,0.06944444444444445,-0.0625,0.09305555555555556,-0.06328125,0.1111111111111111,-0.0546875,0.11944444444444445,-0.03515625,0.11944444444444445,-0.009375,0.11944444444444445,0.028125,0.1111111111111111,0.0578125,0.10833333333333334,0.08359375,0.10833333333333334,0.10703125,0.10833333333333334,0.12109375,0.10972222222222222,0.13046875,0.1111111111111111,0.13515625,0.1111111111111111,0.13515625,0.1111111111111111
0,0.0,0.0,0.01171875,0.002777777777777778,0.02734375,0.005555555555555556,0.04609375,0.004166666666666667,0.06953125,0.008333333333333333,0.09375,0.009722222222222222,0.115625,0.015277777777777777,0.13203125,0.02638888888888889,0.14296875,0.03333333333333333,0.15,0.03888888888888889,0.15390625,0.04722222222222222,0.1546875,0.05138888888888889,0.15703125,0.05416666666666667,0.1578125,0.05555555555555555,0.1578125,0.05694444444444444,0.15859375,0.05694444444444444
1,0.0,0.0,0.0125,0.016666666666666666,0.021875,0.03333333333333333,0.028125,0.058333333333333334,0.02890625,0.08472222222222223,0.02890625,0.10972222222222222,0.0265625,0.13472222222222222,0.02109375,0.16527777777777777,0.0109375,0.19027777777777777,-0.00390625,0.2125,-0.0203125,0.225,-0.040625,0.23333333333333334,-0.0609375,0.23055555555555557,-0.08125,0.22083333333333333,-0.09765625,0.20972222222222223,-0.1109375,0.19166666666666668
1,0.0,0.0,0.00078125,0.03194444444444444,0.0015625,0.058333333333333334,0.00078125,0.08333333333333333,-0.00703125,0.10833333333333334,-0.0203125,0.13055555555555556,-0.03515625,0.14444444444444443,-0.05625,0.15138888888888888,-0.0765625,0.15416666666666667,-0.09609375,0.15,-0.115625,0.14027777777777778,-0.1296875,0.125,-0.13828125,0.1,-0.140625,0.06666666666666667,-0.1359375,0.03194444444444444,-0.12578125,0.001388888888888889
1,0.0,0.0,-0.01875,-0.008333333333333333,-0.03671875,-0.02361111111111111,-0.053125,-0.03888888888888889,-0.0640625,-0.0625,-0.07109375,-0.09027777777777778,-0.07421875,-0.12222222222222222,-0.07109375,-0.15,-0.06328125,-0.18194444444444444,-0.05078125,-0.20555555555555555,-0.0375,-0.2263888888888889,-0.02109375,-0.24027777777777778,-0.0046875,-0.24861111111111112,0.01484375,-0.24861111111111112,0.0328125,-0.24027777777777778,0.046875,-0.2263888888888889
1,0.0,0.0,-0.01640625,-0.019444444444444445,-0.02734375,-0.03888888888888889,-0.0328125,-0.06527777777777778,-0.03515625,-0.09305555555555556,-0.034375,-0.12083333333333333,-0.02890625,-0.1527777777777778,-0.0171875,-0.17777777777777778,0.0,-0.2013888888888889,0.0171875,-0.21666666666666667,0.03515625,-0.2222222222222222,0.0578125,-0.22361111111111112,0.0765625,-0.2152777777777778,0.0921875,-0.2,0.1046875,-0.18055555555555555,0.109375,-0.15416666666666667
1,0.0,0.0,0.00234375,0.030555555555555555,0.00078125,0.058333333333333334,-0.00234375,0.08472222222222223,-0.01171875,0.10833333333333334,-0.0265625,0.13194444444444445,-0.046875,0.15,-0.06953125,0.15833333333333333,-0.0953125,0.15555555555555556,-0.11484375,0.14444444444444443,-0.12890625,0.12916666666666668,-0.1390625,0.10694444444444444,-0.14296875,0.075,-0.14296875,0.04861111111111111,-0.13828125,0.022222222222222223,-0.13046875,-0.008333333333333333
1,0.0,0.0,-0.0140625,-0.015277777777777777,-0.02421875,-0.0375,-0.028125,-0.06944444444444445,-0.028125,-0.09583333333333334,-0.0234375,-0.12222222222222222,-0.015625,-0.1527777777777778,0.0015625,-0.1736111111111111,0.01953125,-0.1875,0.0375,-0.19305555555555556,0.05625,-0.19027777777777777,0.0765625,-0.18333333333333332,0.09296875,-0.16666666666666666,0.10625,-0.14305555555555555,0.11328125,-0.11805555555555555,0.1140625,-0.09166666666666666
1,0.0,0.0,0.01640625,0.016666666666666666,0.0296875,0.04027777777777778,0.03671875,0.06527777777777778,0.0375,0.09166666666666666,0.0359375,0.11666666666666667,0.028125,0.14027777777777778,0.01796875,0.1625,-0.00078125,0.18194444444444444,-0.0203125,0.19722222222222222,-0.04296875,0.20555555555555555,-0.06953125,0.20972222222222223,-0.09140625,0.2013888888888889,-0.109375,0.18888888888888888,-0.12109375,0.1638888888888889,-0.1234375,0.13333333333333333
1,0.0,0.0,-0.00234375,-0.030555555555555555,0.0015625,-0.059722222222222225,0.01015625,-0.0875,0.021875,-0.12083333333333333,0.040625,-0.14583333333333334,0.06171875,-0.16111111111111112,0.08828125,-0.16805555555555557,0.11015625,-0.15833333333333333,0.134375,-0.15,0.153125,-0.13194444444444445,0.1671875,-0.10833333333333334,0.17421875,-0.08194444444444444,0.17578125,-0.05555555555555555,0.17421875,-0.03333333333333333,0.1671875,-0.008333333333333333
1,0.0,0.0,-0.02578125,-0.015277777777777777,-0.04375,-0.03194444444444444,-0.0609375,-0.05277777777777778,-0.0703125,-0.08055555555555556,-0.0734375,-0.1125,-0.0703125,-0.14027777777777778,-0.06328125,-0.17083333333333334,-0.04921875,-0.2,-0.0328125,-0.22083333333333333,-0.01796875,-0.23055555555555557,-0.00078125,-0.23194444444444445,0.01484375,-0.22777777777777777,0.0296875,-0.21388888888888888,0.03828125,-0.19444444444444445,0.04609375,-0.175
1,0.0,0.0,-0.0125,-0.016666666666666666,-0.02109375,-0.0375,-0.0265625,-0.06111111111111111,-0.02578125,-0.08611111111111111,-0.02109375,-0.10833333333333334,-0.01171875,-0.13194444444444445,0.0046875,-0.15555555555555556,0.0234375,-0.1638888888888889,0.04296875,-0.16944444444444445,0.065625,-0.16944444444444445,0.08671875,-0.1597222222222222,0.1046875,-0.1361111111111111,0.11953125,-0.1111111111111111,0.1265625,-0.08055555555555556,0.128125,-0.05138888888888889
1,0.0,0.0,-0.01640625,-0.019444444444444445,-0.02734375,-0.04722222222222222,-0.03046875,-0.08055555555555556,-0.02734375,-0.1125,-0.01875,-0.15,-0.00546875,-0.18055555555555555,0.01171875,-0.20694444444444443,0.03046875,-0.22083333333333333,0.0484375,-0.2263888888888889,0.06796875,-0.2222222222222222,0.0859375,-0.20833333333333334,0.10390625,-0.18611111111111112,0.115625,-0.15694444444444444,0.11796875,-0.12777777777777777,0.1171875,-0.09861111111111111
1,0.0,0.0,-0.003125,-0.029166666666666667,-0.00078125,-0.058333333333333334,0.0078125,-0.09305555555555556,0.021875,-0.12083333333333333,0.03828125,-0.1388888888888889,0.053125,-0.14722222222222223,0.07265625,-0.14722222222222223,0.0890625,-0.14027777777777778,0.10625,-0.12083333333333333,0.1203125,-0.09722222222222222,0.13125,-0.06805555555555555,0.1359375,-0.034722222222222224,0.140625,0.004166666666666667,0.1421875,0.041666666666666664,0.1375,0.075
1,0.0,0.0,-0.00859375,-0.0375,-0.00703125,-0.06944444444444445,0.00390625,-0.10555555555555556,0.0171875,-0.1388888888888889,0.03671875,-0.16805555555555557,0.0578125,-0.1875,0.078125,-0.19722222222222222,0.0984375,-0.18611111111111112,0.11640625,-0.1736111111111111,0.13046875,-0.15416666666666667,0.13671875,-0.13055555555555556,0.1390625,-0.10138888888888889,0.1359375,-0.07361111111111111,0.13046875,-0.04583333333333333,0.11640625,-0.020833333333333332
1,0.0,0.0,0.0171875,-0.016666666666666666,0.0359375,-0.030555555555555555,0.05234375,-0.029166666666666667,0.07109375,-0.025,0.090625,-0.006944444444444444,0.10625,0.018055555555555554,0.11640625,0.05138888888888889,0.1171875,0.08611111111111111,0.115625,0.12083333333333333,0.1078125,0.1527777777777778,0.08828125,0.18611111111111112,0.06875,0.20972222222222223,0.04375,0.22083333333333333,0.015625,0.2111111111111111,-0.00625,0.19583333333333333
1,0.0,0.0,0.01875,0.016666666666666666,0.03046875,0.041666666666666664,0.03359375,0.075,0.0328125,0.10277777777777777,0.02734375,0.13194444444444445,0.01796875,0.1597222222222222,-0.00078125,0.1875,-0.02109375,0.20277777777777778,-0.040625,0.2111111111111111,-0.0609375,0.20972222222222223,-0.0828125,0.19166666666666668,-0.09765625,0.17222222222222222,-0.10703125,0.1375,-0.1046875,0.10694444444444444,-0.096875,0.07222222222222222
1,0.0,0.0,-0.02109375,0.030555555555555555,-0.04375,0.043055555555555555,-0.065625,0.043055555555555555,-0.0875,0.029166666666666667,-0.10625,0.008333333333333333,-0.12109375,-0.019444444444444445,-0.128125,-0.04861111111111111,-0.12890625,-0.0763888888888889,-0.1234375,-0.1125,-0.1109375,-0.14305555555555555,-0.09609375,-0.1638888888888889,-0.07578125,-0.17916666666666667,-0.0578125,-0.18333333333333332,-0.0375,-0.1736111111111111,-0.01953125,-0.1527777777777778
1,0.0,0.0,-0.00546875,-0.0375,-0.00625,-0.06666666666666667,-0.00078125,-0.09861111111111111,0.01015625,-0.12777777777777777,0.0265625,-0.1486111111111111,0.04765625,-0.16527777777777777,0.06796875,-0.16944444444444445,0.09296875,-0.1597222222222222,0.115625,-0.14027777777777778,0.13203125,-0.11388888888888889,0.14296875,-0.08055555555555556,0.1453125,-0.044444444444444446,0.14453125,-0.008333333333333333,0.1359375,0.02361111111111111,0.11796875,0.04861111111111111
1,0.0,0.0,0.01484375,-0.027777777777777776,0.03046875,-0.04583333333333333,0.05078125,-0.05555555555555555,0.0671875,-0.05694444444444444,0.0859375,-0.041666666666666664,0.09921875,-0.022222222222222223,0.103125,0.006944444444444444,0.10390625,0.04027777777777778,0.09921875,0.07361111111111111,0.084375,0.1111111111111111,0.0640625,0.14166666666666666,0.03984375,0.16944444444444445,0.0140625,0.17222222222222222,-0.01171875,0.1597222222222222,-0.02734375,0.1361111111111111
1,0.0,0.0,0.0203125,0.020833333333333332,0.02578125,0.044444444444444446,0.03046875,0.07361111111111111,0.02734375,0.10972222222222222,0.0171875,0.1388888888888889,-0.00234375,0.1638888888888889,-0.0203125,0.17083333333333334,-0.04453125,0.16805555555555557,-0.06171875,0.15416666666666667,-0.08125,0.13194444444444445,-0.09140625,0.1,-0.09296875,0.06666666666666667,-0.0859375,0.030555555555555555,-0.075,0.001388888888888889,-0.0578125,-0.025
1,0.0,0.0,-0.00625,0.043055555555555555,-0.02421875,0.07916666666666666,-0.046875,0.10694444444444444,-0.07265625,0.1111111111111111,-0.09765625,0.08194444444444444,-0.11640625,0.05416666666666667,-0.13046875,0.02638888888888889,-0.13359375,-0.019444444444444445,-0.1265625,-0.05694444444444444,-0.11328125,-0.08611111111111111,-0.09453125,-0.10833333333333334,-0.07265625,-0.125,-0.05,-0.12222222222222222,-0.028125,-0.10833333333333334,-0.01015625,-0.08472222222222223
1,0.0,0.0,-0.01796875,-0.020833333333333332,-0.02578125,-0.05277777777777778,-0.02109375,-0.08888888888888889,-0.009375,-0.11944444444444445,0.00546875,-0.14305555555555555,0.0296875,-0.1638888888888889,0.05234375,-0.175,0.0765625,-0.16805555555555557,0.10234375,-0.15555555555555556,0.11875,-0.12638888888888888,0.13125,-0.09722222222222222,0.1359375,-0.06111111111111111,0.13125,-0.029166666666666667,0.11875,0.004166666666666667,0.0984375,0.019444444444444445
2,0.0,0.0,0.00390625,0.029166666666666667,0.015625,0.059722222222222225,0.03046875,0.08194444444444444,0.05390625,0.10555555555555556,0.08203125,0.11527777777777778,0.109375,0.11944444444444445,0.13203125,0.11388888888888889,0.15390625,0.09583333333333334,0.1671875,0.07083333333333333,0.175,0.04027777777777778,0.1765625,0.011111111111111112,0.17578125,-0.022222222222222223,0.16953125,-0.04861111111111111,0.1578125,-0.075,0.14375,-0.09444444444444444
2,0.0,0.0,0.01640625,0.018055555555555554,0.03828125,0.029166666666666667,0.065625,0.03611111111111111,0.08515625,0.0375,0.10546875,0.030555555555555555,0.115625,0.011111111111111112,0.11875,-0.015277777777777777,0.11875,-0.044444444444444446,0.1140625,-0.075,0.10546875,-0.10277777777777777,0.09453125,-0.13194444444444445,0.07890625,-0.15416666666666667,0.06015625,-0.16527777777777777,0.0390625,-0.16944444444444445,0.0140625,-0.1638888888888889
2,0.0,0.0,0.02265625,-0.022222222222222223,0.03203125,-0.05138888888888889,0.03046875,-0.08333333333333333,0.028125,-0.11944444444444445,0.01640625,-0.14444444444444443,0.0015625,-0.17222222222222222,-0.0109375,-0.19722222222222222,-0.02734375,-0.20694444444444443,-0.04609375,-0.2152777777777778,-0.06484375,-0.20972222222222223,-0.084375,-0.19722222222222222,-0.103125,-0.1763888888888889,-0.1171875,-0.14583333333333334,-0.11953125,-0.11666666666666667,-0.1109375,-0.08194444444444444
2,0.0,0.0,-0.01875,-0.004166666666666667,-0.03984375,0.0,-0.0625,0.006944444444444444,-0.08359375,0.02638888888888889,-0.10546875,0.05277777777777778,-0.11953125,0.08611111111111111,-0.125,0.11944444444444445,-0.128125,0.15416666666666667,-0.1203125,0.18611111111111112,-0.10859375,0.20972222222222223,-0.0859375,0.2361111111111111,-0.06171875,0.24722222222222223,-0.0328125,0.24861111111111112,-0.00859375,0.24027777777777778,0.0140625,0.21805555555555556
2,0.0,0.0,-0.00546875,0.03194444444444444,-0.003125,0.058333333333333334,0.01328125,0.08888888888888889,0.0359375,0.10833333333333334,0.06015625,0.12222222222222222,0.0875,0.13472222222222222,0.11171875,0.13055555555555556,0.1328125,0.12083333333333333,0.15234375,0.10694444444444444,0.16875,0.08333333333333333,0.1796875,0.05555555555555555,0.184375,0.029166666666666667,0.18359375,0.001388888888888889,0.1734375,-0.019444444444444445,0.15859375,-0.043055555555555555
2,0.0,0.0,0.02578125,-0.011111111111111112,0.04921875,-0.03333333333333333,0.06875,-0.06666666666666667,0.0796875,-0.10972222222222222,0.0859375,-0.14444444444444443,0.0859375,-0.18472222222222223,0.07578125,-0.22361111111111112,0.06015625,-0.25416666666666665,0.04140625,-0.2777777777777778,0.01875,-0.2875,-0.0046875,-0.29305555555555557,-0.0265625,-0.2847222222222222,-0.05234375,-0.26805555555555555,-0.07265625,-0.24166666666666667,-0.08828125,-0.20833333333333334
2,0.0,0.0,0.0,-0.041666666666666664,-0.00390625,-0.08194444444444444,-0.015625,-0.11805555555555555,-0.0296875,-0.14305555555555555,-0.0546875,-0.16111111111111112,-0.078125,-0.16666666666666666,-0.10390625,-0.16111111111111112,-0.13125,-0.1388888888888889,-0.14921875,-0.10277777777777777,-0.16171875,-0.06527777777777778,-0.1609375,-0.02638888888888889,-0.1578125,0.011111111111111112,-0.14921875,0.05138888888888889,-0.1375,0.08055555555555556,-0.1203125,0.10277777777777777
2,0.0,0.0,-0.01484375,-0.034722222222222224,-0.03125,-0.058333333333333334,-0.05390625,-0.07222222222222222,-0.07578125,-0.0763888888888889,-0.1,-0.0763888888888889,-0.1203125,-0.06111111111111111,-0.14296875,-0.03888888888888889,-0.159375,-0.004166666666666667,-0.1703125,0.03333333333333333,-0.17109375,0.06944444444444445,-0.16171875,0.10416666666666667,-0.14765625,0.1375,-0.1265625,0.16111111111111112,-0.1,0.18472222222222223,-0.075,0.2
2,0.0,0.0,-0.00859375,-0.03888888888888889,-0.02578125,-0.07361111111111111,-0.05078125,-0.1,-0.078125,-0.11666666666666667,-0.1015625,-0.12361111111111112,-0.1265625,-0.12361111111111112,-0.1484375,-0.10972222222222222,-0.171875,-0.08333333333333333,-0.18671875,-0.05277777777777778,-0.1953125,-0.020833333333333332,-0.19375,0.008333333333333333,-0.1875,0.043055555555555555,-0.17890625,0.0763888888888889,-0.165625,0.10416666666666667,-0.146875,0.11805555555555555
2,0.0,0.0,-0.01796875,-0.019444444444444445,-0.0390625,-0.029166666666666667,-0.05859375,-0.03333333333333333,-0.08203125,-0.03194444444444444,-0.10234375,-0.022222222222222223,-0.125,-0.001388888888888889,-0.14296875,0.03194444444444444,-0.15,0.06388888888888888,-0.15,0.09444444444444444,-0.14296875,0.125,-0.1328125,0.1597222222222222,-0.115625,0.18055555555555555,-0.096875,0.2,-0.07578125,0.21666666666666667,-0.0546875,0.2222222222222222
2,0.0,0.0,-0.01484375,-0.029166666666666667,-0.04140625,-0.05,-0.06484375,-0.05694444444444444,-0.0890625,-0.0625,-0.11171875,-0.05416666666666667,-0.13125,-0.034722222222222224,-0.146875,-0.013888888888888888,-0.1546875,0.015277777777777777,-0.1609375,0.04583333333333333,-0.16015625,0.08611111111111111,-0.15625,0.11666666666666667,-0.14765625,0.15,-0.13203125,0.175,-0.1125,0.18888888888888888,-0.0875,0.2013888888888889
2,0.0,0.0,-0.0078125,-0.034722222222222224,-0.01640625,-0.06666666666666667,-0.028125,-0.09444444444444444,-0.04296875,-0.12083333333333333,-0.06484375,-0.13333333333333333,-0.0890625,-0.1375,-0.11015625,-0.13194444444444445,-0.1296875,-0.11666666666666667,-0.1421875,-0.09444444444444444,-0.15078125,-0.06666666666666667,-0.153125,-0.03888888888888889,-0.14921875,-0.005555555555555556,-0.14296875,0.029166666666666667,-0.13046875,0.06388888888888888,-0.11171875,0.08888888888888889
2,0.0,0.0,-0.00390625,-0.03888888888888889,-0.01484375,-0.06944444444444445,-0.0296875,-0.09444444444444444,-0.04765625,-0.1125,-0.06875,-0.12638888888888888,-0.0921875,-0.13194444444444445,-0.1140625,-0.13194444444444445,-0.13515625,-0.12222222222222222,-0.15546875,-0.10555555555555556,-0.1796875,-0.07361111111111111,-0.19609375,-0.03888888888888889,-0.20703125,-0.001388888888888889,-0.209375,0.03333333333333333,-0.20625,0.06666666666666667,-0.19453125,0.09027777777777778
2,0.0,0.0,-0.01171875,-0.025,-0.02265625,-0.05,-0.03984375,-0.06805555555555555,-0.05546875,-0.0763888888888889,-0.07265625,-0.07777777777777778,-0.08828125,-0.07222222222222222,-0.1015625,-0.058333333333333334,-0.11171875,-0.03888888888888889,-0.1203125,-0.016666666666666666,-0.125,0.0125,-0.12265625,0.041666666666666664,-0.11640625,0.07222222222222222,-0.10546875,0.10277777777777777,-0.08984375,0.12083333333333333,-0.0671875,0.13194444444444445
2,0.0,0.0,-0.01171875,-0.027777777777777776,-0.02734375,-0.05138888888888889,-0.04453125,-0.06805555555555555,-0.0625,-0.07361111111111111,-0.08046875,-0.075,-0.09453125,-0.06944444444444445,-0.1109375,-0.05694444444444444,-0.12265625,-0.03611111111111111,-0.13125,-0.0125,-0.1375,0.016666666666666666,-0.14296875,0.04861111111111111,-0.14296875,0.08194444444444444,-0.1390625,0.1125,-0.12734375,0.13472222222222222,-0.11171875,0.15416666666666667
2,0.0,0.0,-0.00625,-0.025,-0.01328125,-0.05416666666666667,-0.02578125,-0.075,-0.03671875,-0.09305555555555556,-0.05234375,-0.10555555555555556,-0.07265625,-0.1125,-0.090625,-0.10833333333333334,-0.11015625,-0.09722222222222222,-0.12734375,-0.07916666666666666,-0.140625,-0.05694444444444444,-0.14921875,-0.029166666666666667,-0.15546875,0.0,-0.15546875,0.030555555555555555,-0.15,0.059722222222222225,-0.1390625,0.08333333333333333
2,0.0,0.0,-0.0015625,-0.027777777777777776,-0.00546875,-0.05694444444444444,-0.01484375,-0.08333333333333333,-0.0265625,-0.10138888888888889,-0.0390625,-0.11666666666666667,-0.05625,-0.12361111111111112,-0.071875,-0.11944444444444445,-0.0890625,-0.10972222222222222,-0.103125,-0.09027777777777778,-0.115625,-0.06805555555555555,-0.12265625,-0.03611111111111111,-0.1234375,-0.006944444444444444,-0.1171875,0.025,-0.10234375,0.05,-0.0828125,0.075
2,0.0,0.0,-0.0015625,-0.030555555555555555,-0.00703125,-0.06388888888888888,-0.0140625,-0.09027777777777778,-0.02890625,-0.11805555555555555,-0.0484375,-0.1361111111111111,-0.06875,-0.14583333333333334,-0.09296875,-0.1527777777777778,-0.11640625,-0.1486111111111111,-0.1390625,-0.1361111111111111,-0.15703125,-0.11805555555555555,-0.17109375,-0.09444444444444444,-0.1796875,-0.06388888888888888,-0.18203125,-0.03194444444444444,-0.1765625,0.001388888888888889,-0.1625,0.027777777777777776
2,0.0,0.0,-0.00546875,-0.03194444444444444,-0.0125,-0.05555555555555555,-0.02109375,-0.08472222222222223,-0.03359375,-0.10694444444444444,-0.0484375,-0.12638888888888888,-0.06875,-0.13472222222222222,-0.0890625,-0.1375,-0.11015625,-0.13194444444444445,-0.13046875,-0.11944444444444445,-0.1453125,-0.09583333333333334,-0.15703125,-0.06805555555555555,-0.16875,-0.03888888888888889,-0.17109375,-0.011111111111111112,-0.1703125,0.011111111111111112,-0.159375,0.034722222222222224
2,0.0,0.0,0.00546875,-0.02361111111111111,0.00703125,-0.05416666666666667,0.00625,-0.08055555555555556,-0.0015625,-0.10416666666666667,-0.0125,-0.12638888888888888,-0.02421875,-0.1388888888888889,-0.0421875,-0.1486111111111111,-0.059375,-0.1486111111111111,-0.07734375,-0.14027777777777778,-0.09375,-0.12777777777777777,-0.1046875,-0.10555555555555556,-0.10859375,-0.08055555555555556,-0.1109375,-0.04861111111111111,-0.1109375,-0.0125,-0.10390625,0.022222222222222223
